SKU,Name,Status
1_Obey_Lenin-Record_P,Lenin Record,Missing
8_Obey_Presidential-Seal,Presidential Seal (variant),Missing
10,(gap in spreadsheet),N/A
15_Obey_180-South_P,180 South,Missing
16_Obey_Ali-Canvas-Print_P,Ali Canvas Print,Missing
19_Obey_Strummer-Canvas-Print_P,Strummer Canvas Print,Missing
21_Obey_John-and-Yoko,John & Yoko,Missing
22_Obey_Wayfairin_Stranger,Wayfarin' Stranger,Missing
27_Obey_Poster-For-George-Red,Poster For George (Red),Missing
28_Obey_PARADISE-TURNS-Signed-Offset-P_P,PARADISE TURNS,Missing
29_Obey_Power-and-Glory-Letterpress_P,Power and Glory Letterpress,Missing
31_Obey_Target-Exceptions_P,Target Exceptions,Missing
32_Obey_Peace-Guard-2-Stencil-Lisbon_P,Peace Guard 2 Stencil (Lisbon),Missing
34,(gap in spreadsheet),N/A
35_Obey_Tunnel-Vision-Gold_L,Tunnel Vision (Gold),Missing
36_Obey_Tunnel-Vision-Blue_L,Tunnel Vision (Blue),Missing
37_Obey_Tunnel-Vision-Version-2-Altern_L,Tunnel Vision V2 (Alt Gold),Missing
38_Obey_Tunnel-Vision-Version-2-Altern_L,Tunnel Vision V2 (Alt Blue),Missing
39_Obey_LENIN-STAMP-2018_P,LENIN STAMP 2018,Missing
40_Obey_Tom-Petty-An-American-Treasure_P,Tom Petty Canvas,Missing
42_Obey_ANGEL-OF-HOPE-AND-STRENGTH_P,ANGEL OF HOPE AND STRENGTH,Missing
43_Obey_STYLES-CHANGESTYLE-ENDURES_P,STYLES CHANGE-STYLE ENDURES,Missing
44_Obey_STYLES-CHANGESTYLE-ENDURES_P,STYLES CHANGE-STYLE ENDURES,Missing
45_Obey_STYLES-CHANGESTYLE-ENDURES_P,STYLES CHANGE-STYLE ENDURES,Missing
46_Obey_STYLES-CHANGESTYLE-ENDURES_P,STYLES CHANGE-STYLE ENDURES,Missing
48_Obey_CATCH-A-FIRE-Green_P,CATCH A FIRE (Green),Missing
49_Obey_ART-IS-FOR-EVERYBODY_L,ART IS FOR EVERYBODY,Missing
50_Obey_Warning-Addictive-Art-Print_P,Warning Addictive Art,Missing
53_Obey_AK47-Lotus_P,AK-47 Lotus,Missing
56_Obey_Lively-Up-Yourself_P,Lively Up Yourself,Missing
57_Obey_Soul-Rebel_P,Soul Rebel,Missing
58_Obey_Confrontation_P,Confrontation,Missing
59_Obey_Protect-BiodiversityCultivate-_P,Protect Biodiversity,Missing
68_Obey_OPEN-MINDS_L,OPEN MINDS,Missing
70_Obey_OFF-You-Will-Do-What-We-Say_P,OFF! You Will Do What We Say,Missing
71_Obey_AK47-LOTUS_P,AK-47 LOTUS,Missing
73_Obey_ICARUS-DEMOCRACY_P,ICARUS DEMOCRACY,Missing
74_Obey_DALAI-LAMA-COMPASSION_P,DALAI LAMA COMPASSION,Missing
75,(gap in spreadsheet),N/A
76,(gap in spreadsheet),N/A
77_Obey_SUNSET-AS-THE-FALL-APPROACHES_L,SUNSET AS THE FALL APPROACHES,Missing
78_Obey_THE-GREED-DEPRESSION_P,THE GREED DEPRESSION,Missing
79_Obey_MUHAMMAD-ALI--HEAVYWEIGHT-IDEA_P,MUHAMMAD ALI HEAVYWEIGHT IDEALS,Missing
81_Obey_LENNON-PEACE-AND-LIBERTY-BLUE_P,LENNON PEACE AND LIBERTY (BLUE),Missing
97_Obey_Power-to-the-people,Power to the People,Missing
